id,first_name,last_name,email,gender,ip_address
1,Damiano,Coultar,dcoultar0@canalblog.com,Male,142.157.223.82
2,Violetta,Gierok,vgierok1@dot.gov,Female,249.211.236.50
3,Ewen,Covely,ecovely2@buzzfeed.com,Polygender,207.116.255.109
4,Aggie,Villiers,avilliers3@nature.com,Female,195.60.99.52
5,Alethea,Ilyas,ailyas4@ehow.com,Female,180.54.250.245
6,Chalmers,Colvie,ccolvie5@aboutads.info,Male,131.144.104.234
7,Donn,Warrilow,dwarrilow6@ucsd.edu,Male,137.22.187.244
8,Care,Hexum,chexum7@google.co.uk,Male,77.62.67.86
9,Vinson,Livett,vlivett8@comsenz.com,Male,160.240.52.40
10,Rodger,House,rhouse9@typepad.com,Male,88.247.52.15
